Name,City,State,PinCode,HouseNo
0.8,0.0,0.25,0.9182848887038714,0.0
0.0,0.25,0.75,0.999965309237538,0.5
0.6000000000000001,0.5,0.0,0.0,0.5
1.0,1.0,0.5,0.7721163813861612,1.0
0.4,0.75,1.0,0.7960101541902359,0.3333333333333333
0.0,0.25,0.75,1.0,0.6666666666666667
0.2,0.0,0.75,0.918437936185322,0.5
