Age,Salary,City,Experience
0.0,0.0,1,0.0
0.33333333333333326,0.5,2,0.6
0.4999999999999998,0.5625,1,0.20000000000000007
0.6666666666666667,0.75,0,0.45000000000000007
0.9999999999999998,1.0,2,1.0
